[
    {
        "name": "psr/container",
        "version": "1.0.0",
        "version_normalized": "1.0.0.0",
        "source": {
            "type": "git",
            "url": "https://github.com/php-fig/container.git",
            "reference": "b7ce3b176482dbbc1245ebf52b181af44c2cf55f"
        },
        "dist": {
            "type": "zip",
            "url": "https://api.github.com/repos/php-fig/container/zipball/b7ce3b176482dbbc1245ebf52b181af44c2cf55f",
            "reference": "b7ce3b176482dbbc1245ebf52b181af44c2cf55f",
            "shasum": ""
        },
        "require": {
            "php": ">=5.3.0"
        },
        "time": "2017-02-14T16:28:37+00:00",
        "type": "library",
        "extra": {
            "branch-alias": {
                "dev-master": "1.0.x-dev"
            }
        },
        "installation-source": "dist",
        "autoload": {
            "psr-4": {
                "Psr\\Container\\": "src/"
            }
        },
        "notification-url": "https://packagist.org/downloads/",
        "license": [
            "MIT"
        ],
        "authors": [
            {
                "name": "PHP-FIG",
                "homepage": "http://www.php-fig.org/"
            }
        ],
        "description": "Common Container Interface (PHP FIG PSR-11)",
        "homepage": "https://github.com/php-fig/container",
        "keywords": [
            "PSR-11",
            "container",
            "container-interface",
            "container-interop",
            "psr"
        ]
    },
    {
        "name": "psr/http-message",
        "version": "1.0.1",
        "version_normalized": "1.0.1.0",
        "source": {
            "type": "git",
            "url": "https://github.com/php-fig/http-message.git",
            "reference": "f6561bf28d520154e4b0ec72be95418abe6d9363"
        },
        "dist": {
            "type": "zip",
            "url": "https://api.github.com/repos/php-fig/http-message/zipball/f6561bf28d520154e4b0ec72be95418abe6d9363",
            "reference": "f6561bf28d520154e4b0ec72be95418abe6d9363",
            "shasum": ""
        },
        "require": {
            "php": ">=5.3.0"
        },
        "time": "2016-08-06T14:39:51+00:00",
        "type": "library",
        "extra": {
            "branch-alias": {
                "dev-master": "1.0.x-dev"
            }
        },
        "installation-source": "dist",
        "autoload": {
            "psr-4": {
                "Psr\\Http\\Message\\": "src/"
            }
        },
        "notification-url": "https://packagist.org/downloads/",
        "license": [
            "MIT"
        ],
        "authors": [
            {
                "name": "PHP-FIG",
                "homepage": "http://www.php-fig.org/"
            }
        ],
        "description": "Common interface for HTTP messages",
        "homepage": "https://github.com/php-fig/http-message",
        "keywords": [
            "http",
            "http-message",
            "psr",
            "psr-7",
            "request",
            "response"
        ]
    },
    {
        "name": "psr/log",
        "version": "1.1.0",
        "version_normalized": "1.1.0.0",
        "source": {
            "type": "git",
            "url": "https://github.com/php-fig/log.git",
            "reference": "6c001f1daafa3a3ac1d8ff69ee4db8e799a654dd"
        },
        "dist": {
            "type": "zip",
            "url": "https://api.github.com/repos/php-fig/log/zipball/6c001f1daafa3a3ac1d8ff69ee4db8e799a654dd",
            "reference": "6c001f1daafa3a3ac1d8ff69ee4db8e799a654dd",
            "shasum": ""
        },
        "require": {
            "php": ">=5.3.0"
        },
        "time": "2018-11-20T15:27:04+00:00",
        "type": "library",
        "extra": {
            "branch-alias": {
                "dev-master": "1.0.x-dev"
            }
        },
        "installation-source": "dist",
        "autoload": {
            "psr-4": {
                "Psr\\Log\\": "Psr/Log/"
            }
        },
        "notification-url": "https://packagist.org/downloads/",
        "license": [
            "MIT"
        ],
        "authors": [
            {
                "name": "PHP-FIG",
                "homepage": "http://www.php-fig.org/"
            }
        ],
        "description": "Common interface for logging libraries",
        "homepage": "https://github.com/php-fig/log",
        "keywords": [
            "log",
            "psr",
            "psr-3"
        ]
    },
    {
        "name": "psr/simple-cache",
        "version": "1.0.1",
        "version_normalized": "1.0.1.0",
        "source": {
            "type": "git",
            "url": "https://github.com/php-fig/simple-cache.git",
            "reference": "408d5eafb83c57f6365a3ca330ff23aa4a5fa39b"
        },
        "dist": {
            "type": "zip",
            "url": "https://api.github.com/repos/php-fig/simple-cache/zipball/408d5eafb83c57f6365a3ca330ff23aa4a5fa39b",
            "reference": "408d5eafb83c57f6365a3ca330ff23aa4a5fa39b",
            "shasum": ""
        },
        "require": {
            "php": ">=5.3.0"
        },
        "time": "2017-10-23T01:57:42+00:00",
        "type": "library",
        "extra": {
            "branch-alias": {
                "dev-master": "1.0.x-dev"
            }
        },
        "installation-source": "dist",
        "autoload": {
            "psr-4": {
                "Psr\\SimpleCache\\": "src/"
            }
        },
        "notification-url": "https://packagist.org/downloads/",
        "license": [
            "MIT"
        ],
        "authors": [
            {
                "name": "PHP-FIG",
                "homepage": "http://www.php-fig.org/"
            }
        ],
        "description": "Common interfaces for simple caching",
        "keywords": [
            "cache",
            "caching",
            "psr",
            "psr-16",
            "simple-cache"
        ]
    }
]
